model_name,fold,loss_type,run,with_title,with_keywords,nb_added_negs,f1,recall,precision,accuracy,AP,MCC,NDCG,kappa,TN,FP,FN,TP
BiomedBERT-abs,1,BCE,1,True,False,500.0,0.8396946564885496,0.9322033898305084,0.7638888888888888,0.7375,0.9152044393390372,0.1799271467469264,0.981216912844385,0.1532258064516127,4.0,17.0,4.0,55.0
BiomedBERT-abs,2,BCE,1,True,False,500.0,0.8592592592592593,0.9830508474576272,0.7631578947368421,0.7625,0.8980501744056228,0.2541863081294389,0.978153447486877,0.1703056768558951,3.0,18.0,1.0,58.0
BiomedBERT-abs,1,BCE,1,True,False,500.0,0.8296296296296296,0.9491525423728814,0.7368421052631579,0.7125,0.8783106100437907,-0.0065175976443445,0.974234382287544,-0.0043668122270743,1.0,20.0,3.0,56.0
BiomedBERT-abs,1,BCE,1,True,False,500.0,0.8296296296296296,0.9491525423728814,0.7368421052631579,0.7125,0.8783106100437907,-0.0065175976443445,0.974234382287544,-0.0043668122270743,1.0,20.0,3.0,56.0
BiomedBERT-abs-ft,1,BCE,1,True,False,500.0,0.8489208633093526,1.0,0.7375,0.7375,0.8146757491093852,0.0,0.9376039648563368,0.0,0.0,21.0,0.0,59.0
