,model_name,fold,loss_type,run,with_title,with_keywords,f1,recall,precision,accuracy,AP,MCC,NDCG,kappa,TN,FP,FN,TP
0,dmis-lab/biobert-v1.1,1,BCE,1,True,True,0.9949238578680203,1.0,0.98989898989899,0.9924812030075187,1.0,0.9806202943118002,1.0000000000000004,0.98043254376931,34.0,1.0,0.0,98.0
0,dmis-lab/biobert-v1.1,2,BCE,1,True,True,1.0,1.0,1.0,1.0,1.0,1.0,1.0000000000000004,1.0,34.0,0.0,0.0,98.0
0,dmis-lab/biobert-v1.1,3,BCE,1,True,True,0.9948717948717949,1.0,0.9897959183673469,0.9924242424242424,1.0,0.9805692402810843,1.0000000000000004,0.9803804994054697,34.0,1.0,0.0,97.0
