,model_name,fold,loss_type,run,with_title,with_keywords,nb_added_negs,f1,recall,precision,accuracy,AP,MCC,NDCG,kappa,TN,FP,FN,TP
0,BiomedBERT-abs,1,BCE,1,True,False,100.0,0.8489208633093526,1.0,0.7375,0.7375,0.7267951078853869,0.0,0.8677774324343249,0.0,0.0,21.0,0.0,59.0
0,BiomedBERT-abs,2,BCE,1,True,False,100.0,0.8833333333333333,0.8983050847457628,0.8688524590163934,0.825,0.9154119520665256,0.534909927772559,0.979839601954689,0.533721898417985,13.0,8.0,6.0,53.0
0,BiomedBERT-abs,3,BCE,1,True,False,100.0,0.8429752066115702,0.864406779661017,0.8225806451612904,0.759493670886076,0.8642274713361964,0.3326692051444776,0.9679725736871325,0.330806954971021,9.0,11.0,8.0,51.0
