,model_name,fold,loss_type,run,with_title,with_keywords,nb_added_negs,f1,recall,precision,accuracy,AP,MCC,NDCG,kappa,TN,FP,FN,TP
0,BiomedBERT-abs,1,BCE,1,True,False,100.0,0.8549618320610687,0.9491525423728814,0.7777777777777778,0.7625,0.9291439622904689,0.27462564503478243,0.9857427108620391,0.2338709677419354,5.0,16.0,3.0,56.0
0,BiomedBERT-abs,2,BCE,1,True,False,100.0,0.8166666666666667,0.8305084745762712,0.8032786885245902,0.725,0.8909429602338232,0.2678722103197994,0.9760790829219413,0.2672772689425479,9.0,12.0,10.0,49.0
0,BiomedBERT-abs,3,BCE,1,True,False,100.0,0.8429752066115702,0.864406779661017,0.8225806451612904,0.759493670886076,0.8642274713361964,0.3326692051444776,0.9679725736871325,0.330806954971021,9.0,11.0,8.0,51.0
