approach,fold,run,f1,recall,precision,accuracy,roc_auc,AP,MCC,NDCG,kappa,TN,FP,FN,TP
always pos,1,1.0,0.8505747126436781,1.0,0.74,0.74,0.5,0.74,0.0,0.9160859088052361,0.0,0,26,0,74
always neg,1,,0.0,0.0,0.0,0.26,0.5,0.74,0.0,0.9160859088052361,0.0,26,0,74,0
always pos,2,1.0,0.8488372093023255,1.0,0.7373737373737373,0.7373737373737373,0.5,0.7373737373737373,0.0,0.9149718183097395,0.0,0,26,0,73
always neg,2,,0.0,0.0,0.0,0.26262626262626265,0.5,0.7373737373737373,0.0,0.9149718183097395,0.0,26,0,73,0
always pos,3,1.0,0.8488372093023255,1.0,0.7373737373737373,0.7373737373737373,0.5,0.7373737373737373,0.0,0.9149718183097395,0.0,0,26,0,73
always neg,3,,0.0,0.0,0.0,0.26262626262626265,0.5,0.7373737373737373,0.0,0.9149718183097395,0.0,26,0,73,0
always pos,4,1.0,0.8488372093023255,1.0,0.7373737373737373,0.7373737373737373,0.5,0.7373737373737373,0.0,0.9149718183097395,0.0,0,26,0,73
always neg,4,,0.0,0.0,0.0,0.26262626262626265,0.5,0.7373737373737373,0.0,0.9149718183097395,0.0,26,0,73,0
