,approach,fold,f1,recall,precision,accuracy,AP,MCC,NDCG,kappa,TN,FP,FN,TP
0,always pos,1,0.8484848484848485,1.0,0.7368421052631579,0.7368421052631579,0.7368421052631579,0.0,0.9189307109272616,0.0,0,35,0,98
0,always neg,1,0.0,0.0,0.0,0.2631578947368421,0.7368421052631579,0.0,0.9189307109272616,0.0,35,0,98,0
0,always pos,2,0.8521739130434782,1.0,0.7424242424242424,0.7424242424242424,0.7424242424242424,0.0,0.9208012714375936,0.0,0,34,0,98
0,always neg,2,0.0,0.0,0.0,0.25757575757575757,0.7424242424242424,0.0,0.9208012714375936,0.0,34,0,98,0
0,always pos,3,0.8471615720524017,1.0,0.7348484848484849,0.7348484848484849,0.7348484848484849,0.0,0.9181159076123374,0.0,0,35,0,97
0,always neg,3,0.0,0.0,0.0,0.26515151515151514,0.7348484848484849,0.0,0.9181159076123374,0.0,35,0,97,0
