,model_name,fold,kernel,run,with_title,with_keywords,f1,recall,precision,accuracy
0,SVM,1,linear,0,True,True,0.8927335640138409,0.8113207547169812,0.9923076923076923,0.9883414817600602
0,SVM,2,linear,0,True,True,0.9328859060402684,0.8742138364779874,1.0,0.9924783753290711
0,SVM,1,rbf,0,True,True,0.8308823529411765,0.710691823899371,1.0,0.9827002632568634
0,SVM,2,rbf,0,True,True,0.8561151079136691,0.7484276729559748,1.0,0.9849567506581421
0,SVM,1,poly,0,True,True,0.21348314606741572,0.11949685534591195,1.0,0.9473486273034976
0,SVM,2,poly,0,True,True,0.16184971098265896,0.0880503144654088,1.0,0.9454682211357653
0,SVM,1,sigmoid,0,True,True,0.8850174216027874,0.7987421383647799,0.9921875,0.9875893192929672
0,SVM,2,sigmoid,0,True,True,0.9292929292929293,0.8679245283018868,1.0,0.9921022940955246
